n,fuerza_bruta_s,backtracking_s
2,6.999998731771484e-07,6.000009307172149e-07
4,7.499998901039362e-06,4.5000015234109014e-06
6,1.359999987471383e-05,7.5000007200287655e-06
8,6.480000047304202e-05,1.650000012887176e-05
10,0.0003352999992785044,4.660000013245735e-05
12,0.0009693000010884134,0.00012430000060703605
14,0.0037010999985795934,0.00021439999909489416
16,0.018880100000387756,0.00039850000030128285
18,0.08165230000122392,0.0009219999992637895
20,0.42112710000037623,0.0021790999999211635
22,1.1989377000008972,0.0036177000001771376
24,4.248935499999789,0.0032719999999244465
26,7.23742570000104,0.13127849999909813
28,76.3583964999998,0.8055580000000191
30,,0.6993046999999706
32,,0.28919120000000476
34,,3.7036604999999554
36,,7.211015800000041
38,,21.866104800000016
40,,17.087766899999906
